{"version":12,"screenWidth":1280,"screenHeight":720,"scenario":{"scenario":{"id":2,"name":"灵魂潮汐挖矿","detectionQuality":1200,"endConditionOperator":2},"events":[{"event":{"id":8,"scenarioId":2,"name":"挖矿","conditionOperator":2,"priority":0},"actions":[{"action":{"id":21,"eventId":8,"name":"点击","type":"CLICK","clickPositionType":"ON_DETECTED_CONDITION","pressDuration":1},"intentExtras":[]},{"action":{"id":22,"eventId":8,"priority":1,"name":"延迟","type":"PAUSE","pauseDuration":1000},"intentExtras":[]}],"conditions":[{"id":20,"eventId":8,"name":"三层石","path":"Condition_-1775728313","areaLeft":601,"areaTop":239,"areaRight":677,"areaBottom":314,"threshold":4,"detectionType":2,"shouldBeDetected":true},{"id":21,"eventId":8,"name":"三层土","path":"Condition_1443401180","areaLeft":602,"areaTop":152,"areaRight":679,"areaBottom":224,"threshold":4,"detectionType":2,"shouldBeDetected":true},{"id":22,"eventId":8,"name":"灰矿","path":"Condition_1904337571","areaLeft":548,"areaTop":258,"areaRight":612,"areaBottom":315,"threshold":4,"detectionType":2,"shouldBeDetected":true},{"id":23,"eventId":8,"name":"红矿","path":"Condition_-2009473376","areaLeft":814,"areaTop":258,"areaRight":875,"areaBottom":314,"threshold":4,"detectionType":2,"shouldBeDetected":true},{"id":24,"eventId":8,"name":"蓝矿","path":"Condition_-1179643382","areaLeft":466,"areaTop":258,"areaRight":518,"areaBottom":316,"threshold":4,"detectionType":2,"shouldBeDetected":true},{"id":25,"eventId":8,"name":"月矿","path":"Condition_-1761598803","areaLeft":640,"areaTop":350,"areaRight":696,"areaBottom":408,"threshold":4,"detectionType":2,"shouldBeDetected":true},{"id":26,"eventId":8,"name":"代币","path":"Condition_304163665","areaLeft":957,"areaTop":437,"areaRight":1023,"areaBottom":497,"threshold":4,"detectionType":2,"shouldBeDetected":true}]}],"endConditions":[]}}