{"version":12,"screenWidth":1280,"screenHeight":720,"scenario":{"scenario":{"id":1,"name":"灵魂潮汐","detectionQuality":1200,"endConditionOperator":2,"randomize":true},"events":[{"event":{"id":1,"scenarioId":1,"name":"启动","conditionOperator":2,"priority":0},"actions":[{"action":{"id":1,"eventId":1,"name":"点击","type":"CLICK","clickPositionType":"ON_DETECTED_CONDITION","pressDuration":1},"intentExtras":[]},{"action":{"id":2,"eventId":1,"priority":1,"name":"延迟","type":"PAUSE","pauseDuration":1000},"intentExtras":[]},{"action":{"id":26,"eventId":1,"priority":2,"name":"切换场景状态","type":"TOGGLE_EVENT","toggleEventId":2,"toggleEventType":"ENABLE"},"intentExtras":[]},{"action":{"id":27,"eventId":1,"priority":3,"name":"切换场景状态","type":"TOGGLE_EVENT","toggleEventId":3,"toggleEventType":"ENABLE"},"intentExtras":[]},{"action":{"id":28,"eventId":1,"priority":4,"name":"切换场景状态","type":"TOGGLE_EVENT","toggleEventId":4,"toggleEventType":"ENABLE"},"intentExtras":[]}],"conditions":[{"id":1,"eventId":1,"name":"灵魂潮汐","path":"Condition_-1639894330","areaLeft":1006,"areaTop":313,"areaRight":1159,"areaBottom":437,"threshold":4,"detectionType":1,"shouldBeDetected":true}]},{"event":{"id":2,"scenarioId":1,"name":"关闭启动公告","conditionOperator":1,"priority":1},"actions":[{"action":{"id":3,"eventId":2,"name":"点击","type":"CLICK","clickPositionType":"ON_DETECTED_CONDITION","clickOnConditionId":2,"pressDuration":1},"intentExtras":[]},{"action":{"id":4,"eventId":2,"priority":1,"name":"延迟","type":"PAUSE","pauseDuration":1000},"intentExtras":[]}],"conditions":[{"id":2,"eventId":2,"name":"确定","path":"Condition_373350445","areaLeft":563,"areaTop":544,"areaRight":717,"areaBottom":611,"threshold":4,"detectionType":1,"shouldBeDetected":true},{"id":3,"eventId":2,"name":"公告","path":"Condition_-1246617195","areaLeft":117,"areaTop":87,"areaRight":339,"areaBottom":151,"threshold":4,"detectionType":1,"shouldBeDetected":true}]},{"event":{"id":3,"scenarioId":1,"name":"登录","conditionOperator":2,"priority":2},"actions":[{"action":{"id":5,"eventId":3,"name":"点击","type":"CLICK","clickPositionType":"ON_DETECTED_CONDITION","pressDuration":1},"intentExtras":[]},{"action":{"id":6,"eventId":3,"priority":1,"name":"延迟","type":"PAUSE","pauseDuration":1000},"intentExtras":[]}],"conditions":[{"id":4,"eventId":3,"name":"登录","path":"Condition_1578495243","areaLeft":465,"areaTop":463,"areaRight":796,"areaBottom":613,"threshold":4,"detectionType":1,"shouldBeDetected":true}]},{"event":{"id":4,"scenarioId":1,"name":"关闭游戏公告","conditionOperator":1,"priority":3},"actions":[{"action":{"id":7,"eventId":4,"name":"点击","type":"CLICK","clickPositionType":"USER_SELECTED","x":1129,"y":121,"pressDuration":1},"intentExtras":[]},{"action":{"id":8,"eventId":4,"priority":1,"name":"延迟","type":"PAUSE","pauseDuration":1000},"intentExtras":[]},{"action":{"id":29,"eventId":4,"priority":2,"name":"切换场景状态","type":"TOGGLE_EVENT","toggleEventId":2,"toggleEventType":"DISABLE"},"intentExtras":[]},{"action":{"id":30,"eventId":4,"priority":3,"name":"切换场景状态","type":"TOGGLE_EVENT","toggleEventId":3,"toggleEventType":"DISABLE"},"intentExtras":[]},{"action":{"id":31,"eventId":4,"priority":4,"name":"切换场景状态","type":"TOGGLE_EVENT","toggleEventId":4,"toggleEventType":"DISABLE"},"intentExtras":[]}],"conditions":[{"id":7,"eventId":4,"name":"公告","path":"Condition_1416948721","areaLeft":128,"areaTop":99,"areaRight":344,"areaBottom":161,"threshold":4,"detectionType":1,"shouldBeDetected":true},{"id":8,"eventId":4,"name":"花栗鼠默认","path":"Condition_1560285671","areaLeft":1161,"areaTop":179,"areaRight":1263,"areaBottom":379,"threshold":4,"detectionType":1,"shouldBeDetected":true}]},{"event":{"id":6,"scenarioId":1,"name":"领取每日商城体力","conditionOperator":2,"priority":5},"actions":[{"action":{"id":17,"eventId":6,"name":"点击","type":"CLICK","clickPositionType":"ON_DETECTED_CONDITION","pressDuration":1},"intentExtras":[]},{"action":{"id":18,"eventId":6,"priority":1,"name":"延迟","type":"PAUSE","pauseDuration":1000},"intentExtras":[]}],"conditions":[{"id":14,"eventId":6,"name":"商城","path":"Condition_92551170","areaLeft":1172,"areaTop":648,"areaRight":1279,"areaBottom":701,"threshold":1,"detectionType":1,"shouldBeDetected":true},{"id":15,"eventId":6,"name":"商店","path":"Condition_322527350","areaLeft":201,"areaTop":83,"areaRight":368,"areaBottom":127,"threshold":4,"detectionType":1,"shouldBeDetected":true},{"id":16,"eventId":6,"name":"默认条件","path":"Condition_1406579395","areaLeft":1,"areaTop":262,"areaRight":237,"areaBottom":334,"threshold":4,"detectionType":1,"shouldBeDetected":true},{"id":17,"eventId":6,"name":"领取每日补给礼包","path":"Condition_384102817","areaLeft":266,"areaTop":543,"areaRight":472,"areaBottom":713,"threshold":1,"detectionType":1,"shouldBeDetected":true},{"id":18,"eventId":6,"name":"免费","path":"Condition_-1942831104","areaLeft":554,"areaTop":478,"areaRight":979,"areaBottom":549,"threshold":4,"detectionType":1,"shouldBeDetected":true}]},{"event":{"id":7,"scenarioId":1,"name":"点击空白区域继续","conditionOperator":2,"priority":4},"actions":[{"action":{"id":19,"eventId":7,"name":"点击","type":"CLICK","clickPositionType":"ON_DETECTED_CONDITION","pressDuration":1},"intentExtras":[]},{"action":{"id":20,"eventId":7,"priority":1,"name":"延迟","type":"PAUSE","pauseDuration":1000},"intentExtras":[]}],"conditions":[{"id":19,"eventId":7,"name":"空白区域","path":"Condition_1810650997","areaLeft":601,"areaTop":480,"areaRight":678,"areaBottom":530,"threshold":20,"detectionType":1,"shouldBeDetected":true}]}],"endConditions":[]}}