{"version":12,"screenWidth":1280,"screenHeight":720,"scenario":{"scenario":{"id":4,"name":"交错战线","detectionQuality":1200,"endConditionOperator":2},"events":[{"event":{"id":10,"scenarioId":4,"name":"战斗结束","conditionOperator":1,"priority":0},"actions":[{"action":{"id":32,"eventId":10,"name":"点击","type":"CLICK","clickPositionType":"USER_SELECTED","x":653,"y":598,"pressDuration":1},"intentExtras":[]},{"action":{"id":33,"eventId":10,"priority":1,"name":"延迟","type":"PAUSE","pauseDuration":1000},"intentExtras":[]}],"conditions":[{"id":29,"eventId":10,"name":"默认条件","path":"Condition_-1565689438","areaLeft":21,"areaTop":15,"areaRight":375,"areaBottom":133,"threshold":4,"detectionType":1,"shouldBeDetected":true},{"id":31,"eventId":10,"name":"默认条件","path":"Condition_-1639452791","areaLeft":33,"areaTop":493,"areaRight":272,"areaBottom":551,"threshold":4,"detectionType":1,"shouldBeDetected":true}]},{"event":{"id":11,"scenarioId":4,"name":"点击空白处跳过","conditionOperator":2,"priority":1},"actions":[{"action":{"id":34,"eventId":11,"name":"点击","type":"CLICK","clickPositionType":"ON_DETECTED_CONDITION","pressDuration":1},"intentExtras":[]},{"action":{"id":35,"eventId":11,"priority":1,"name":"延迟","type":"PAUSE","pauseDuration":1000},"intentExtras":[]}],"conditions":[{"id":30,"eventId":11,"name":"默认条件","path":"Condition_-657489426","areaLeft":564,"areaTop":518,"areaRight":724,"areaBottom":559,"threshold":5,"detectionType":1,"shouldBeDetected":true}]}],"endConditions":[]}}